Name,Age,Nationality,Team,Rating,Total Kills,Headshot %,Total deaths,K/D Ratio,Damage / Round,Kills / Round,Maps played
Mathieu 'ZywOo' Herbaut,18,France,Vitality,1.38,9173,44.2,6500,1.41,93.5,0.89,396
Aleksandr 's1mple' Kostyliev,21,Ukraine,Natus Vincere,1.23,22271,42.2,17179,1.30,87.0,0.85,992
Ismailcan 'XANTARES' Dörtkardeş,23,Turkey,BIG,1.22,20805,53.8,16881,1.23,95.4,0.86,930
Hansel 'BnTeT' Ferdinand,23,Indonesia,TYLOO,1.21,11494,38.7,8736,1.32,86.4,0.81,553
Marcelo 'coldzera' David,24,Brazil,MIBR,1.20,20768,47.8,15675,1.32,82.5,0.80,1000
Simon 'Sico' Williams,24,New Zealand,Grayhound,1.19,10519,35.6,7879,1.34,82.6,0.79,524
Kaike 'KSCERATO' Cerato,19,Brazil,FURIA,1.23,6046,52.7,4449,1.36,80.7,0.76,315
Andrew 'Kaze' Khong,24,Malaysia,ViCi,1.19,9593,29.2,7491,1.28,81.5,0.79,468
WingHei 'Freeman' Cheung,19,Hong Kong,ViCi,1.21,10556,50.0,8434,1.25,83.6,0.80,520
Nikola 'NiKo' Kovač,22,Bosnia and Herzegovina,FaZe,1.18,22424,50.5,18480,1.21,86.3,0.81,1048
Aran 'Sonic' Groesbeek,20,South Africa,ATK,1.18,8012,47.6,6340,1.26,83.5,0.79,407
David 'frozen' Čerňanský,16,Slovakia,mousesports,1.17,12632,54.4,10390,1.22,87.0,0.81,607
Owen 'smooya' Butterfield,19,United Kingdom,No team,1.20,7414,28.4,6080,1.22,82.1,0.80,354
Hyun-Pyo 'XigN' Lee,22,Korea,MVP PK,1.17,10537,50.6,8565,1.23,84.6,0.80,513
Yuri 'yuurih' Santos,19,Brazil,FURIA,1.25,8297,42.7,6676,1.24,89.7,0.80,407
Nicolai 'device' Reedtz,23,Denmark,Astralis,1.17,26620,35.3,21193,1.26,80.8,0.78,1313
Adrian 'XELLOW' Guta,18,Romania,Nexus,1.17,11530,43.7,9565,1.21,84.4,0.81,552
Vito 'kNgV-' Giuseppe,24,Brazil,INTZ,1.16,8601,30.2,6924,1.24,81.2,0.80,426
Cosmin-Mihai 'cosmeeeN' Butuc,20,Romania,Nexus,1.16,6526,46.5,5421,1.20,83.8,0.81,309
Euan 'sterling' Moore,20,New Zealand,No team,1.18,6541,30.6,5058,1.29,76.5,0.77,330
Valentin 'poizon' Vasilev,20,Bulgaria,Windigo,1.19,11977,34.7,9766,1.23,81.0,0.77,588
Özgür 'woxic' Eker,20,Turkey,mousesports,1.15,12358,33.0,9978,1.24,79.1,0.77,619
Tsvetelin 'CeRq' Dimitrov,19,Bulgaria,NRG,1.18,14268,27.2,11566,1.23,76.8,0.77,719
Kenny 'kennyS' Schrub,23,France,G2,1.15,29460,31.1,23809,1.24,76.1,0.78,1445
Kyran 'dizzyLife' Crombie,23,Australia,No team,1.15,6286,30.2,5102,1.23,82.6,0.78,319
Nemanja 'huNter' Kovač,23,Serbia,Valiance,1.15,17425,48.2,14570,1.20,87.3,0.80,844
Tim 'nawwk' Jonasson,21,Sweden,GamerLegion,1.17,6686,36.0,5469,1.22,78.4,0.78,329
Jay 'Liazz' Tregillgas,21,Australia,Renegades,1.15,11633,45.7,9385,1.24,83.2,0.75,606
Matthew 'Texta' O'Rourke,17,Australia,Chiefs,1.22,10379,40.1,8858,1.17,88.2,0.81,515
Simeon 'dream3r' Ganev,22,Bulgaria,Bojestvata,1.14,14049,49.2,11248,1.25,79.0,0.76,715
Russel 'Twistzz' Van Dulken,19,Canada,Liquid,1.14,15370,60.2,12696,1.21,79.1,0.76,784
Alencar 'trk' Rossato,23,Brazil,TeamOne,1.21,8818,47.7,7357,1.20,84.5,0.78,438
Fredrik 'FREDDyFROG' Gustafsson,25,Sweden,Chaos,1.14,12693,38.8,10310,1.23,82.3,0.76,633
Jere 'sergej' Salo,17,Finland,ENCE,1.19,9039,48.1,7408,1.22,83.1,0.77,448
Luís 'ZELIN' Lousada,25,Portugal,Giants,1.14,6102,47.4,5148,1.19,83.1,0.79,293
Otto 'ottoNd' Sihvo,21,Finland,Valiance,1.18,10684,26.2,8741,1.22,77.9,0.76,539
Buğra 'Calyx' Arkın,20,Turkey,ex-Space Soldiers,1.13,13937,55.1,11450,1.22,80.5,0.76,706
Niels-Christian 'NaToSaphiX' Sillassen,22,Denmark,Heroic,1.13,10523,35.2,8432,1.25,74.3,0.74,538
Ladislav 'GuardiaN' Kovács,27,Slovakia,FaZe,1.13,27217,29.2,22481,1.21,73.0,0.75,1380
Benedict 'Benkai' Tan,22,Singapore,BOOT,1.13,9091,45.3,7690,1.18,85.8,0.78,454
Ali 'Jame' Djami,20,Russia,AVANGAR,1.17,9900,25.6,7664,1.29,73.1,0.72,528
Tomáš 'oskar' Šťastný,27,Czech Republic,HellRaisers,1.13,18933,31.7,16034,1.18,79.6,0.77,936
Gage 'Infinite' Green,20,United States,Lazarus,1.17,6179,50.4,5335,1.16,81.8,0.76,314
Patrik 'f0rest' Lindberg,30,Sweden,NiP,1.13,29898,51.0,25063,1.19,76.5,0.77,1518
Erdenetsogt 'erkaSt' Gantulga,24,Mongolia,Grayhound,1.18,11710,50.2,9948,1.18,83.6,0.77,591
Anatoliy 'liTTle' Yashin,30,Russia,No team,1.12,9296,27.7,7730,1.20,79.0,0.77,453
Christopher 'dexter' Nong,24,Australia,Grayhound,1.12,10281,48.1,8815,1.17,84.1,0.77,526
Kitikawin 'PTC' Rattanasukol,20,Thailand,Lucid Dream,1.15,5554,35.9,4677,1.19,76.7,0.76,283
Kaleb 'moose' Jayne,21,Canada,eUnited,1.16,10877,42.7,9137,1.19,80.6,0.76,549
Vincent 'Brehze' Cayonte,20,United States,NRG,1.12,13882,52.2,12061,1.15,82.1,0.77,691
Muhammed 'mini' Salman,19,Turkey,ex-Royal Bandits,1.12,5603,57.3,4902,1.14,81.0,0.77,278
Jakob 'JUGi' Hansen,22,Denmark,North,1.12,14843,27.6,12192,1.22,76.3,0.74,779
Nevin 'splashske' Aw,20,Singapore,BOOT,1.12,10146,37.2,8796,1.15,78.8,0.76,520
Jesse 'zehN' Linjala,27,Finland,NoChance,1.12,12071,44.8,10355,1.17,82.1,0.75,617
Collin 'wrath' McSweegan,17,United States,MASSIVEimpact,1.12,6120,49.5,5448,1.12,85.7,0.79,302
Henrique 'HEN1' Teles,23,Brazil,Luminosity,1.12,13012,27.0,10570,1.23,75.2,0.72,703
Denis 'electronic' Sharipov,20,Russia,Natus Vincere,1.11,14887,51.3,12931,1.15,84.5,0.77,741
Emil 'Magisk' Reif,21,Denmark,Astralis,1.11,17271,48.1,14592,1.18,81.4,0.74,891
Christopher 'GeT_RiGhT' Alesund,28,Sweden,NiP,1.11,29886,49.1,25277,1.18,78.0,0.75,1548
YuanZhang 'AttackeR' Sheng,22,China,TYLOO,1.11,14941,46.0,12868,1.16,81.8,0.78,756
Aleksa 'Impulse' Stankić,23,Serbia,No team,1.15,7414,34.3,6263,1.18,76.5,0.73,386
YuLun 'Summer' Cai,21,China,TYLOO,1.11,14715,48.2,12556,1.17,82.3,0.76,763
Braxton 'swag' Pierce,22,United States,Lazarus,1.11,8875,48.8,7399,1.20,77.8,0.74,466
Yi 'gas' Ding,23,China,BTRG.IMBA,1.14,5939,60.2,5396,1.10,85.0,0.80,285
Bogdan 'xsepower' Chernikov,21,Russia,forZe,1.16,6383,26.5,5221,1.22,73.7,0.72,339
Jordan 'Hatz' Bajic,20,Australia,ORDER,1.17,10637,50.3,9163,1.16,79.7,0.74,563
Jani 'Aerial' Jussila,25,Finland,ENCE,1.17,9051,41.4,7914,1.14,81.7,0.76,452
Enkhtaivan 'Machinegun' Lkhagva,29,Mongolia,TheMongolz,1.11,6273,49.8,5641,1.11,82.0,0.78,321
Valdemar 'valde' Bjørn Vangså,23,Denmark,North,1.11,15407,45.4,13402,1.15,82.4,0.76,771
Peter 'BL1TZ' Athanasatos,26,Australia,Chiefs,1.12,7695,42.6,6781,1.13,77.4,0.76,396
Oscar 'mixwell' Cañellas,23,Spain,Movistar Riders,1.10,14595,39.0,12753,1.14,80.1,0.75,751
Vadim 'Flarich' Karetin,22,Latvia,pro100,1.13,10164,54.2,8747,1.16,79.4,0.74,527
Aleksi 'allu' Jalli,26,Finland,ENCE,1.10,25598,28.9,21873,1.17,75.6,0.75,1310
Richard 'shox' Papillon,26,France,G2,1.10,28574,49.4,24996,1.14,79.4,0.76,1441
Dener 'KHTEX' Barchfield,22,Brazil,No team,1.16,6143,47.4,5279,1.16,81.4,0.75,324
Tyson 'TenZ' Ngo,18,Canada,Bad News Bears,1.16,5809,52.5,5249,1.11,83.1,0.76,294
Kevin 'xccurate' Susanto,21,Indonesia,TYLOO,1.10,9463,31.2,8189,1.16,74.7,0.74,498
Aleksey 'El1an' Gusev,19,Russia,HOLLYWOOD,1.12,7825,28.6,6828,1.15,77.4,0.76,389
Raphael 'exit' Lacerda,22,Brazil,Sharks,1.15,6017,44.5,5130,1.17,81.3,0.74,319
Kristjan 'fejtZ' Allsaar,21,Estonia,BTRG,1.10,11039,47.0,9694,1.14,79.2,0.76,555
François 'AmaNEk' Delaunay,25,France,G2,1.10,9219,43.6,7884,1.17,80.9,0.74,471
Fernando 'fer' Alvarenga,27,Brazil,MIBR,1.10,20401,44.6,18075,1.13,84.5,0.76,1036
Alexey 'qikert' Golubev,20,Kazakhstan,AVANGAR,1.16,11754,55.6,10225,1.15,81.3,0.74,609
Rokas 'EspiranTo' Milasauskas,18,Lithuania,Valiance,1.13,11068,58.5,9925,1.12,78.8,0.77,558
Nemanja 'nexa' Isaković,22,Serbia,Valiance,1.10,12770,50.1,10979,1.16,80.2,0.73,668
Matthew 'WARDELL' Yu,20,Canada,Ghost,1.13,8754,27.2,7585,1.15,74.5,0.73,461
Žygimantas 'nukkye' Chmieliauskas,21,Lithuania,HellRaisers,1.13,7999,38.5,6949,1.15,78.4,0.73,423
Daniel 'mertz' Mertz,20,Denmark,No team,1.10,12273,33.5,10690,1.15,77.0,0.75,622
Peter 'dupreeh' Rasmussen,26,Denmark,Astralis,1.10,27625,50.6,24032,1.15,79.5,0.75,1433
WeiJie 'zhokiNg' Zhong,25,China,ViCi,1.09,16803,49.6,15188,1.11,85.8,0.77,861
Keith 'NAF' Markovic,21,Canada,Liquid,1.09,19084,41.7,16571,1.15,82.0,0.74,999
Josef 'faveN' Baumann,19,Germany,Sprout,1.15,9135,55.1,8171,1.12,80.3,0.75,461
Sean 'Gratisfaction' Kaiwai,23,New Zealand,Renegades,1.09,10828,31.1,9177,1.18,75.0,0.72,587
Pedro 'Maluk3' Campos,29,Brazil,TeamOne,1.14,9034,28.4,7763,1.16,75.2,0.73,481
Johannes 'nex' Maget,26,Germany,BIG,1.09,19373,51.3,17071,1.13,80.0,0.75,980
Issa 'ISSAA' Murad,22,Jordan,HellRaisers,1.09,9343,57.3,8238,1.13,79.1,0.75,483
Mareks 'YEKINDAR' Gaļinskis,19,Latvia,pro100,1.14,9341,56.3,8540,1.09,83.0,0.76,470
Bin 'Savage' Liu,30,China,5POWER,1.09,13793,36.8,11950,1.15,78.8,0.74,732
Adil 'ScreaM' Benrlitom,24,Belgium,GamerLegion,1.09,25863,67.9,22926,1.13,79.7,0.74,1345
Olof 'olofmeister' Kajbjer,27,Sweden,FaZe,1.09,23871,45.8,20910,1.14,76.6,0.74,1243
Gabriel 'FalleN' Toledo,27,Brazil,MIBR,1.09,19145,30.3,16117,1.19,73.0,0.71,1046
Viktor 'somedieyoung' Orudjev,22,Ukraine,Spirit,1.14,7573,51.3,6659,1.14,79.9,0.73,398
Nicolas 'NikoM' Miozzi,22,Argentina,No team,1.09,6859,45.1,6049,1.13,80.8,0.74,366
Austin 'Cooper-' Abadir,24,United States,eUnited,1.11,6719,32.7,5809,1.16,73.4,0.73,357
Justin 'jks' Savage,23,Australia,Renegades,1.09,14224,51.9,12447,1.14,78.6,0.72,763
Kristian 'k0nfig' Wienecke,22,Denmark,OpTic,1.09,19186,55.0,17510,1.10,81.9,0.76,967
Ethan 'Ethan' Arnold,19,United States,NRG,1.16,12558,49.7,11285,1.11,83.1,0.75,637
Ronnie 'ryx' Bylicki,26,United States,No team,1.09,9797,36.3,8616,1.14,83.7,0.76,491
Igor 'lollipop21k' Solodkov,22,Belarus,Nemiga,1.13,7710,45.4,6996,1.10,83.0,0.76,381
Timothy 'autimatic' Ta,22,United States,Cloud9,1.09,17892,46.6,15897,1.13,81.2,0.76,910
Kritthee 'Geniuss' Sawatmuang,20,Thailand,Lucid Dream,1.16,5391,55.1,4900,1.10,81.6,0.75,283
Michał 'MICHU' Müller,22,Poland,Virtus.pro,1.08,25481,49.6,23022,1.11,81.2,0.75,1295
Peeratch 'Olivia' Ingkudanonda,21,Thailand,Alpha Red,1.13,6673,39.7,5951,1.12,79.5,0.75,354
Joshua 'INS' Potter,20,Australia,ORDER,1.16,10512,41.9,9367,1.12,84.2,0.74,559
Shahzeb 'ShahZaM' Khan,25,United States,compLexity,1.08,17400,33.9,15378,1.13,75.0,0.74,903
Ahmet 'paz' Karahoca,22,Turkey,ex-Space Soldiers,1.08,13220,50.0,11684,1.13,76.1,0.73,704
Đorđe 'DJOXiC' Niciforović,26,Serbia,Entity,1.08,8909,29.8,7691,1.16,73.1,0.72,484
Miikka 'suNny' Kemppi,24,Finland,No team,1.08,20171,46.1,18321,1.10,82.9,0.76,1016
Kenneth 'koosta' Suen,22,United States,Ghost,1.08,14334,34.2,12878,1.11,76.4,0.73,745
Robin 'ropz' Kool,19,Estonia,mousesports,1.12,9939,52.4,8641,1.15,77.5,0.72,530
William 'draken' Sundin,23,Sweden,Ancient,1.08,16210,30.9,14218,1.14,74.7,0.73,853
Simon 'twist' Eliasson,24,Sweden,fnatic,1.08,22548,41.1,20413,1.10,79.9,0.75,1145
Andrei 'arT' Piovezan,23,Brazil,FURIA,1.16,7448,32.6,6687,1.11,80.4,0.75,392
Kevin 'keev' Bartholomäus,27,Germany,No team,1.08,11408,29.1,10191,1.12,73.6,0.73,594
Florian 'syrsoN' Rische,23,Germany,Sprout,1.08,17621,32.8,15591,1.13,75.2,0.73,915
Georgi 'WorldEdit' Yaskin,27,Russia,Winstrike,1.08,21064,28.1,18825,1.12,76.6,0.74,1096
Lucas 'Lucky' Chastang,21,France,G2,1.13,6682,42.5,5895,1.13,78.5,0.72,352
Tyler 'tucks' Reilly,22,Australia,Chiefs,1.08,10521,43.7,9308,1.13,77.3,0.73,574
Saif 'Sayf' Jibraeel,18,Sweden,nerdRage,1.08,6068,42.5,5512,1.10,77.5,0.74,305
Sergey 'smike' Sklyarenko,20,Ukraine,Vengeance,1.08,8730,33.2,8048,1.08,76.0,0.75,448
Joey 'CRUC1AL' Steusel,22,Netherlands,Epsilon,1.08,10381,31.7,9450,1.10,74.0,0.74,551
Lei 'bottle' Mao,25,China,5POWER,1.08,9233,55.9,8396,1.10,80.6,0.75,489
René 'cajunb' Borg,29,Denmark,Cloud9,1.08,25293,39.9,22239,1.14,75.2,0.72,1352
Hui 'DD' Wu,24,China,OneThree,1.08,13997,42.1,12596,1.11,81.5,0.74,735
Jonathan 'EliGE' Jablonowski,21,United States,Liquid,1.08,20164,48.5,18523,1.09,83.0,0.75,1037
Alexandre 'xand' Zizi,24,Brazil,INTZ,1.07,6199,48.7,5647,1.10,81.9,0.75,329
Thomas 'Ryxxo' Nielsen,22,Denmark,STEPxHYDR,1.07,9562,33.9,8498,1.13,75.9,0.72,506
Zhen 'HZ' Huang,29,China,OneThree,1.07,8106,49.4,7316,1.11,83.2,0.74,424
Tosapol 'TOR' Saekow,26,Thailand,No team,1.07,7457,28.3,6727,1.11,78.0,0.73,400
Robin 'flusha' Rönnquist,25,Sweden,No team,1.07,27411,41.9,24464,1.12,83.9,0.73,1447
Jesse 'InfrequeNt' Barker,24,Australia,No team,1.07,8755,33.9,7811,1.12,76.4,0.73,467
Erik 'fl0m' Flom,26,United States,Mythic,1.07,6003,27.8,5368,1.12,76.1,0.72,319
Chris 'ofnu' Hanley,26,New Zealand,Chiefs,1.07,10376,48.0,9381,1.11,79.4,0.73,560
Peter 'ptr' Gurney,28,United States,Bad News Bears,1.07,14232,25.4,12486,1.14,73.7,0.71,766
Simon 'downie' Storm,24,Sweden,No team,1.07,5808,48.6,5133,1.13,76.2,0.71,312
Ramazan 'Ramz1k' Bashizov,19,Kazakhstan,Syman,1.10,5615,35.8,5161,1.09,78.3,0.76,285
Bruno 'shz' Martinelli,21,Brazil,ex-Imperial,1.11,8319,51.3,7506,1.11,78.4,0.73,442
Nikolay 'mir' Bityukov,23,Russia,Gambit,1.07,8939,51.1,8025,1.11,77.8,0.74,461
HaoWen 'somebody' Xu,23,China,TYLOO,1.07,15036,45.2,13657,1.10,80.3,0.73,796
Nikhil 'NikkeZ' Victor,23,Australia,No team,1.07,6953,47.1,6380,1.09,82.7,0.75,359
Georgi 'SHiPZ' Grigorov,18,Bulgaria,Windigo,1.11,15948,51.2,14770,1.08,78.9,0.75,811
Nikolay 'niki1' Pantaleev,28,Bulgaria,Bpro,1.07,10342,47.7,9464,1.09,84.0,0.74,549
Victor 'iDk' Torraca,21,Brazil,TeamOne,1.13,9276,45.2,8487,1.09,81.9,0.74,491
Allan 'AnJ' Jensen,24,Denmark,LPSP,1.07,7040,50.6,6276,1.12,77.5,0.72,375
Vadim 'DavCost' Vasilyev,22,Russia,OwmS,1.07,17278,31.7,15567,1.11,75.6,0.72,915
Jesper 'JW' Wecksell,24,Sweden,fnatic,1.07,29125,36.8,26714,1.09,77.8,0.74,1497
Dimitri 'Detrony' Hadjipaschali,28,South Africa,Bravado,1.07,6587,35.1,5952,1.11,76.5,0.72,363
Mike 'shroud' Grzesiek,24,Canada,No team,1.07,12588,52.9,11277,1.12,76.1,0.72,676
Audric 'JaCkz' Jug,26,France,G2,1.07,9193,56.2,8486,1.08,81.0,0.73,484
Aleksandar 'jayzaR' Zarkovic,21,Sweden,GameAgents,1.07,8222,37.1,7573,1.09,79.1,0.74,423
Jacob 'Pimp' Winneche,23,Denmark,No team,1.07,18095,46.6,16088,1.12,78.3,0.72,975
Tarik 'tarik' Celik,23,United States,NRG,1.06,20047,37.2,18383,1.09,78.7,0.74,1056
Nikola 'NK4Y' Radushev,23,Bulgaria,Bpro,1.10,7010,62.2,6402,1.09,78.5,0.73,374
Phoomphat 'qqGOD' Phodjanat,21,Thailand,Lucid Dream,1.06,6287,40.2,5789,1.09,81.5,0.73,334
Vincent 'Happy' Schopenhauer,27,France,LDLC,1.06,26736,41.2,23960,1.12,77.5,0.74,1393
Ludvig 'Brollan' Brolin,16,Sweden,fnatic,1.11,9007,52.9,8344,1.08,79.3,0.73,470
João 'felps' Vasconcellos,22,Brazil,MIBR,1.06,13198,44.5,12330,1.07,84.5,0.76,685
Pavel 'COLDYY1' Veklenko,27,Ukraine,Spirit,1.06,16667,55.4,14970,1.11,77.8,0.72,881
Ali 'hAdji' Haïnouss,23,France,FrenchFrogs,1.06,10272,46.2,9360,1.10,79.4,0.73,546
Christian 'loWel' Garcia Antoran,22,Spain,HellRaisers,1.06,13934,46.6,12503,1.11,78.0,0.72,744
Jonathan 'JonY BoY' Muñoz,27,Argentina,x6tence,1.06,5043,33.4,4578,1.10,76.5,0.72,277
Lincoln 'fnx' Lau,29,Brazil,Não Tem Como,1.06,8915,49.5,8020,1.11,82.1,0.73,483
Freddy 'KRIMZ' Johansson,25,Sweden,fnatic,1.06,23715,40.0,21144,1.12,76.9,0.71,1277
Nicolas 'Plopski' Gonzalez Zamora,16,Sweden,Ancient,1.12,8158,41.1,7417,1.10,79.8,0.73,422
Ricardo 'boltz' Prass,22,Brazil,Luminosity,1.06,16729,38.9,15060,1.11,82.4,0.72,898
Dylan 'RIKO' Sabin-Arnce,23,United States,Royal,1.10,5649,52.5,5306,1.06,80.0,0.75,290
Edgar 'MarKE' Maldonado,21,Mexico,eUnited,1.14,6993,53.9,6371,1.10,81.8,0.73,375
Johannes 'tabseN' Wodarz,24,Germany,BIG,1.06,23231,47.9,22125,1.05,86.6,0.75,1195
Alistair 'aliStair' Johnston,21,Australia,ORDER,1.11,10219,38.0,9123,1.12,74.9,0.71,570
Ian 'motm' Hardy,19,United States,No team,1.10,5507,50.4,5091,1.08,76.0,0.73,293
Ryan 'Snakes' Amann,16,United States,Spacestation,1.12,5242,44.2,4818,1.09,79.5,0.73,281
Håvard 'rain' Nygaard,24,Norway,FaZe,1.06,20802,55.5,19488,1.07,82.6,0.74,1080
Joakim 'Relaxa' Gustafsson,25,Sweden,Chaos,1.06,11629,31.7,10196,1.14,74.7,0.69,636
Liam 'malta' Schembri,23,Australia,Grayhound,1.13,11048,39.0,10008,1.10,79.3,0.71,610
Tyler 'Skadoodle' Latham,25,United States,No team,1.06,18365,24.8,15907,1.15,67.5,0.68,1047
Jorgen 'cromen' Robertsen,23,Norway,Nordavind,1.06,5740,49.5,5314,1.08,78.0,0.72,305
Rustem 'mou' Telepov,27,Kazakhstan,Gambit,1.06,18580,28.5,16983,1.09,75.0,0.72,984
Kevin 'HS' Tarn,22,Estonia,GamerLegion,1.06,11532,49.9,10858,1.06,80.1,0.74,594
Iyengaran 'IyeN' Raju,21,Australia,No team,1.06,6333,35.1,5977,1.06,82.1,0.75,329
Markus 'Kjaerbye' Kjærbye,21,Denmark,North,1.06,23113,52.9,21093,1.10,79.4,0.72,1233
Ryan 'zewsy' Palmer,22,New Zealand,Chiefs,1.06,9457,40.7,8767,1.08,79.9,0.72,518
ZhiHai 'QKA' Fu,25,China,No team,1.09,6850,40.0,6281,1.09,74.9,0.73,362
Abay 'Hobbit' Khasenov,24,Kazakhstan,No team,1.06,11380,46.5,10438,1.09,79.7,0.73,598
Paulo 'land1n' Felipe,25,Brazil,paiN,1.05,8374,30.9,7393,1.13,71.2,0.69,473
Michael 'dapr' Gulino,20,United States,Lazarus,1.11,8090,44.5,7509,1.08,79.1,0.72,436
Dan 'apEX' Madesclaire,26,France,Vitality,1.05,26961,53.1,25511,1.06,81.9,0.75,1382
Rafael 'raafa' Lima,25,Brazil,W7M,1.08,6953,27.3,6249,1.11,72.5,0.70,382
Egor 'flamie' Vasilyev,22,Russia,Natus Vincere,1.05,22388,54.3,20734,1.08,78.7,0.73,1173
Agung 'Sys' Frianto,24,Indonesia,Recca,1.05,5930,37.4,5473,1.08,79.7,0.73,319
Timur 'buster' Tulepov,19,Kazakhstan,AVANGAR,1.11,11919,47.0,10704,1.11,75.1,0.70,657
Kamen 'bubble' Kostadinov,27,Bulgaria,Windigo,1.05,26882,39.4,24131,1.11,77.1,0.71,1466
Karol 'rallen' Rodowicz,24,Poland,ex-devils.one,1.05,22507,41.5,20561,1.09,82.4,0.72,1182
Gabriel '1962' Sinopoli,23,Argentina,Isurus,1.11,5670,53.0,5381,1.05,78.2,0.73,298
Janusz 'Snax' Pogorzelski,25,Poland,Virtus.pro,1.05,26606,38.6,24504,1.09,75.7,0.71,1430
Hae-Sung 'HSK' Kim,24,Korea,MVP PK,1.05,9105,30.4,8171,1.11,75.5,0.71,503
Hunter 'SicK' Mims,20,United States,compLexity,1.05,13410,50.1,12446,1.08,78.0,0.73,708
Almaz 'almazer' Asadullin,20,Russia,forZe,1.10,7849,52.5,7297,1.08,78.4,0.72,419
Joakim 'disco doplan' Gidetun,23,Sweden,Ancient,1.05,15682,43.8,14434,1.09,77.6,0.71,835
Wei 'shuadapai' Wang,28,China,5POWER,1.10,7383,51.9,6818,1.08,77.8,0.71,400
Ricardo 'Rickeh' Mulholland,27,Australia,compLexity,1.05,9990,38.3,9067,1.10,76.7,0.70,540
Olli 'sLowi' Pitkänen,23,Finland,HAVU,1.05,7296,44.7,6782,1.08,76.3,0.71,383
Jake 'Stewie2K' Yip,21,United States,Liquid,1.05,18079,50.5,17072,1.06,81.3,0.73,963
Fredrik 'REZ' Sterner,21,Sweden,NiP,1.05,14648,49.3,13572,1.08,79.0,0.71,781
Rasmus 'SandeN' Sanden,23,Denmark,No team,1.05,5552,43.9,5225,1.06,81.7,0.72,294
Frederik 'acoR' Gyldstrand,21,Denmark,Tricked,1.05,9528,47.1,8891,1.07,75.1,0.70,527
Dmitry 'dimasick' Matvienko,22,Kazakhstan,No team,1.09,7390,47.1,6872,1.08,78.9,0.72,397
Roman 'rommi' Golubev,26,Russia,Vaevictis,1.05,9684,50.8,9077,1.07,81.2,0.74,505
Lasse 'ZOREE' Uronen,25,Finland,HAVU,1.05,17245,34.3,15727,1.10,72.8,0.70,937
Ismail 'refrezh' Ali,21,Denmark,OpTic,1.09,9474,49.5,8757,1.08,76.0,0.71,514
Jordan 'Zellsis' Montemurro,21,United States,Lazarus,1.10,8108,45.4,7596,1.07,80.1,0.72,435
Cristian 'sXe' Nita,21,Romania,Nexus,1.05,6902,42.2,6448,1.07,78.4,0.71,381
Marcelo 'chelo' Cespedes,20,Brazil,INTZ,1.05,8146,63.3,7646,1.07,77.5,0.71,449
Benjamin 'moxie' Kou,26,Singapore,No team,1.05,5141,44.3,4618,1.11,72.2,0.69,296
Ádám 'kolor' Domoszlay,19,Hungary,Budapest Five,1.07,8209,25.2,7798,1.05,74.4,0.72,433
ZhiHong 'aumaN' Liu,24,China,ViCi,1.04,9631,42.7,8963,1.07,82.0,0.72,528
Casper 'cadiaN' Møller,23,Denmark,No team,1.04,16603,29.1,15237,1.09,75.2,0.71,901
Alejandro 'ALEX' Masanet,23,Spain,Movistar Riders,1.04,9197,44.1,8568,1.07,77.7,0.71,497
Kirill 'Boombl4' Mikhailov,20,Russia,Winstrike,1.10,10280,41.3,9798,1.05,81.3,0.73,536
Nestor 'LETN1' Tanić,26,Serbia,Valiance,1.04,16568,49.0,15078,1.10,75.0,0.69,927
Ke 'captainMo' Liu,29,China,OneThree,1.04,12982,39.3,12212,1.06,74.3,0.72,701
Gan-Erdene 'dobu' Batbold,20,Mongolia,No team,1.04,9124,54.5,8637,1.06,80.3,0.73,487
Chris 'chrisJ' de Jong,28,Netherlands,mousesports,1.04,24784,40.2,23121,1.07,71.6,0.70,1344
Nathan 'NBK-' Schmitt,24,France,Vitality,1.04,28493,53.3,26701,1.07,78.6,0.71,1549
Spencer 'Hiko' Martin,29,United States,No team,1.04,16075,53.9,14560,1.10,71.6,0.68,906
Martin 'stavn' Lund,17,Denmark,Heroic,1.09,9154,44.8,8828,1.04,81.1,0.73,477
Nikolaj 'niko' Kristensen,20,Denmark,OpTic,1.04,14092,48.5,13069,1.08,75.8,0.70,769
Vinicius 'VINI' Figueiredo,19,Brazil,FURIA,1.10,6891,50.5,6487,1.06,77.1,0.70,385
Viktor 'v1c7oR' Dyankov,24,Bulgaria,Windigo,1.04,27050,45.6,25441,1.06,78.1,0.71,1459
Johannes 'b0RUP' Borup,19,Denmark,Tricked,1.04,12930,64.0,12422,1.04,76.4,0.72,695
Nikolaj 'kalinka' Rysakov,24,Lithuania,HOLLYWOOD,1.04,7211,52.5,6936,1.04,79.9,0.74,372
BingYuan 'tb' Li,28,China,Panda,1.04,10956,50.0,10179,1.08,77.0,0.71,608
Andreas 'Xyp9x' Højsleth,23,Denmark,Astralis,1.04,25967,41.5,23562,1.10,77.4,0.68,1490
Rassim 'Jyo' Valijev,24,Estonia,Nemiga,1.10,6056,40.7,5642,1.07,78.2,0.71,322
KunHua 'LOVEYY' Bai,30,China,No team,1.04,12594,51.8,11878,1.06,78.0,0.72,688
Lucas 'destiny' Bullo,21,Brazil,INTZ,1.04,11290,48.7,10814,1.04,80.4,0.73,607
Michał 'snatchie' Rudzki,21,Poland,Virtus.pro,1.04,12997,30.0,12427,1.05,72.4,0.72,681
Mikołaj 'mouz' Karolewski,23,Poland,ex-devils.one,1.04,21385,49.6,19760,1.08,76.3,0.70,1162
Yaman 'yam' Ergenekon,30,Australia,No team,1.04,8912,33.5,8233,1.08,74.9,0.70,496
Patrick 'es3tag' Hansen,23,Denmark,Heroic,1.04,15353,35.5,14543,1.06,79.4,0.71,832
David 'Davidp' Prins,24,Belgium,FrenchFrogs,1.04,9186,41.7,8580,1.07,78.2,0.70,497
Joakim 'jkaem' Myrbostad,25,Norway,Renegades,1.04,15199,51.6,14541,1.05,78.8,0.72,799
Marko 'kressy' Đordević,22,Germany,ALTERNATE aTTaX,1.08,9161,47.9,8565,1.07,76.8,0.70,496
Ricardo 'fox' Pacheco,32,Portugal,Giants,1.04,14154,31.2,13461,1.05,76.6,0.72,759
Batbayar 'kabal' Bat-Enkh,23,Mongolia,No team,1.09,8820,47.7,8261,1.07,77.6,0.71,482
Juho 'juho' Lampinen,23,Finland,No team,1.03,13229,45.3,12919,1.02,79.0,0.73,685
Dennis 'dennis' Edman,28,Sweden,NiP,1.03,17990,53.2,17102,1.05,76.5,0.72,955
Patrik 'Zero' Žúdel,20,Slovakia,No team,1.03,10500,47.6,9572,1.10,73.0,0.69,584
Dmitriy 'jR' Chervak,25,Ukraine,Vega Squadron,1.03,8044,31.9,7515,1.07,72.0,0.70,442
Paweł 'reatz' Jańczak,24,Poland,x-kom,1.03,16171,51.6,15318,1.06,75.7,0.71,856
Bradley 'ANDROID' Fodor,24,Canada,Envy,1.03,12971,51.1,12222,1.06,76.1,0.71,704
Philip 'aizy' Aistrup,22,Denmark,North,1.03,22332,51.1,21236,1.05,75.7,0.70,1216
Vladyslav 'bondik' Nechyporchuk,25,Ukraine,Winstrike,1.03,19509,47.5,18239,1.07,75.5,0.70,1069
Andreas 'znajder' Lindberg,25,Sweden,No team,1.03,19334,48.1,18253,1.06,76.8,0.72,1026
Jaccob 'yay' Whiteaker,20,United States,No team,1.03,9307,48.8,9125,1.02,78.0,0.72,493
Bryan 'Maka' Canda,21,France,FrenchFrogs,1.07,7275,39.7,6884,1.06,74.0,0.70,401
Grzegorz 'SZPERO' Dziamałek,27,Poland,AGO,1.03,23761,32.0,22303,1.07,74.6,0.70,1299
Daniel 'roca' Gustaferri,23,United States,MASSIVEimpact,1.03,10505,51.5,10139,1.04,78.0,0.73,554
Joshua 'steel' Nissan,29,Canada,Ghost,1.03,7006,44.4,6762,1.04,80.1,0.72,370
Victor 'food' Wong,22,United States,eUnited,1.03,5181,49.4,4948,1.05,77.7,0.71,284
Patrik 'DEV7L' Stuchlík,22,Czech Republic,GUNRUNNERS,1.03,9748,34.4,9170,1.06,72.3,0.70,536
Anel 'NENO' Ceković,25,Macedonia,No team,1.03,10729,42.7,10046,1.07,76.6,0.70,592
Sebastian 'NEEX' Trela,22,Poland,Izako Boars,1.03,5261,32.8,5042,1.04,71.4,0.72,281
Tsog 'Tsogoo' Mashbat,24,Mongolia,ex-Storm Riders,1.03,6454,52.4,6179,1.04,78.9,0.72,354
Ryan 'ryann' Welsh,18,United States,Singularity,1.08,8063,55.1,7785,1.04,76.2,0.71,448
Roberto 'reversive' Themtham,26,Argentina,Isurus,1.03,5225,43.1,4950,1.06,77.1,0.70,289
Vladimir 'ROBO' Neskey,26,Belarus,Nemiga,1.03,10055,47.9,9452,1.06,75.8,0.71,534
Hampus 'hampus' Poser,20,Sweden,GamerLegion,1.03,13580,39.4,13185,1.03,80.3,0.72,721
Ivan 'AiyvaN' Semenets,22,Ukraine,pro100,1.03,10588,38.7,10112,1.05,74.2,0.70,584
Sebastian 'Basso' Aagaard,20,Denmark,Copenhagen Flames,1.03,4986,52.3,4747,1.05,73.2,0.69,280
Jonas 'Lekr0' Olofsson,25,Sweden,NiP,1.03,14053,50.9,13378,1.05,76.6,0.70,758
Jarosław 'pashaBiceps' Jarząbkowski,31,Poland,No team,1.03,29114,37.3,28051,1.04,72.8,0.72,1567
Vasiliy 'FANAT ROCKA' Trusov,27,Russia,Unique,1.03,7437,27.2,7002,1.06,72.3,0.69,415
Stefan 'stfN' Seier,26,Germany,ALTERNATE aTTaX,1.03,16870,47.4,16049,1.05,76.2,0.70,915
Albert 'FrostMisty' Giovanni,26,Indonesia,No team,1.03,6710,41.8,6299,1.07,79.0,0.71,376
Roman 'CyberFocus' Dergach,24,Belarus,No team,1.03,8951,29.7,8631,1.04,74.3,0.71,483
Gustavo 'yeL' Knittel,26,Brazil,INTZ,1.02,10298,29.7,9690,1.06,73.1,0.69,580
Richard 'queztone' Strnátko,23,Slovakia,GUNRUNNERS,1.02,12124,44.2,11799,1.03,77.6,0.71,653
Alef 'tatazin' Pereira,25,Brazil,paiN,1.07,7938,46.9,7180,1.11,71.5,0.66,467
Andrey 'Jerry' Mekhryakov,20,Russia,forZe,1.09,9263,45.3,8899,1.04,78.9,0.71,497
Valentin 'SEMINTE' Bodea,21,Romania,Nexus,1.02,5543,46.8,5370,1.03,77.4,0.71,311
Sabit 'mirbit' Coktasar,22,Germany,Sprout,1.07,6801,42.9,6289,1.08,74.2,0.68,382
Niclas 'PlesseN' Plessen,20,Sweden,Chaos,1.02,11647,56.0,11461,1.02,79.8,0.72,611
Dauren 'AdreN' Kystaubayev,29,Kazakhstan,FaZe,1.02,24175,49.0,23319,1.04,81.1,0.71,1306
Will 'dazzLe' Loafman,23,United States,No team,1.10,9251,42.1,9114,1.02,82.0,0.72,496
Mikail 'Maikelele' Bill,28,Sweden,NoChance,1.02,15175,37.5,14223,1.07,75.5,0.68,846
Leonard 'kenzor' Volodarchuk,21,Ukraine,pro100,1.08,9778,53.7,9458,1.03,78.0,0.71,530
Yassine 'Subroza' Taoufik,21,Canada,Lazarus,1.09,8347,48.0,8208,1.02,80.8,0.72,446
Martin 'MonttY' Melišek,20,Slovakia,No team,1.02,9466,46.7,9112,1.04,77.4,0.71,519
Jacob 'dragonfly' Lund,22,Denmark,ex-Fragsters,1.06,8603,24.9,8128,1.06,70.6,0.69,479
Michał 'mono' Gabszewicz,23,Poland,x-kom,1.02,5517,44.6,5219,1.06,79.2,0.70,296
Josh 'jdm64' Marzano,28,United States,Envy,1.02,14552,23.6,13723,1.06,70.1,0.69,819
Jacek 'MINISE' Jeziak,25,Poland,ex-devils.one,1.02,23940,42.5,23125,1.04,76.5,0.71,1282
William 'RUSH' Wierzba,25,United States,Cloud9,1.02,16951,47.0,16247,1.04,75.5,0.70,934
YangYang 'ayaya' Zheng,20,China,Recall THE END,1.02,7129,40.3,6915,1.03,79.0,0.72,391
Nick 'nitr0' Cannella,23,United States,Liquid,1.02,19160,44.5,18314,1.05,74.0,0.69,1064
Nicolaj 'Nico' Jensen,27,Denmark,No team,1.02,6738,26.0,6191,1.09,80.6,0.67,399
Johnny 'JT' Theodosiou,20,South Africa,ATK,1.08,6205,46.5,5997,1.03,76.9,0.70,356
Mike 'ap0c' Aliferis,31,Australia,AVANT,1.02,8367,49.1,8156,1.03,77.4,0.72,457
Kitsada 'bnwGiggs' Pookamroong,22,Thailand,Beyond,1.02,5464,42.3,5360,1.02,78.8,0.72,295
Ivan 'spaze' Obrezhan,21,Russia,No team,1.02,10220,52.0,10119,1.01,76.1,0.73,534
Paweł 'byali' Bieliński,25,Poland,No team,1.02,26226,50.8,24924,1.05,77.1,0.70,1433
Dominik 'GruBy' Swiderski,24,Poland,AGO,1.02,20833,42.8,20189,1.03,79.7,0.70,1129
Nahuel 'Straka' Vazquez,22,Argentina,Good Fellas,1.02,4963,43.9,4860,1.02,79.0,0.70,280
Sam 'flickz' Jones,28,Australia,No team,1.09,7812,48.4,7430,1.05,79.3,0.69,449
Baskoro 'roseau' Dwi Putra,25,Indonesia,Recca,1.02,6913,40.3,6800,1.02,78.6,0.72,382
Alex 'aproto' Protopapas,19,United States,ex-Zone,1.05,6094,57.3,5983,1.02,75.2,0.72,323
Nicolás 'Noktse' Dávila,26,Argentina,Isurus,1.08,7220,35.8,6783,1.06,73.1,0.68,414
Cameron 'hydrex' Kern,21,United States,Singularity,1.09,5372,51.5,5109,1.05,77.8,0.69,307
Fabien 'kioShiMa' Fiey,24,France,No team,1.02,20780,50.4,19498,1.07,75.3,0.68,1170
Brandon 'Ace' Winn,24,United States,No team,1.06,7922,31.4,7352,1.08,68.5,0.67,456
Victor 'bld' Rocha,27,Brazil,Falkol,1.08,5475,46.0,5363,1.02,80.2,0.72,293
Josh 'oSee' Ohm,19,United States,Singularity,1.07,6496,32.0,6186,1.05,72.1,0.69,372
Lucas 'Bubzkji' Andersen,20,Denmark,Tricked,1.02,7741,52.0,7463,1.04,78.8,0.70,421
Michael 'Grim' Wince,18,United States,Spacestation,1.07,6045,46.7,5997,1.01,76.4,0.70,334
Aleksi 'Aleksib' Virolainen,22,Finland,ENCE,1.02,9582,38.0,9133,1.05,78.0,0.69,532
Jordan 'n0thing' Gilbert,28,United States,No team,1.02,14703,52.7,14216,1.03,74.9,0.70,812
Emiliyan 'spyleadeR' Dimitrov,29,Bulgaria,No team,1.02,16650,42.3,16446,1.01,81.5,0.73,885
Alexander 'SKYTTEN' Carlsson,26,Sweden,No team,1.02,7087,45.2,6759,1.05,79.8,0.70,382
Jesper 'TENZKI' Plougmann,24,Denmark,Nordavind,1.02,16733,52.3,15938,1.05,76.7,0.69,936
Denis 'dzt' Fischer,22,Brazil,ex-Imperial,1.01,7499,45.9,7301,1.03,77.4,0.70,417
Aleksandr 'mds' Rubets,20,Belarus,Nemiga,1.05,8494,52.8,8213,1.03,75.3,0.70,454
Derek 'desi' Branchen,26,United States,No team,1.01,5943,51.7,5851,1.02,75.7,0.72,325
Mohammed 'MoeycQ' Tizani,26,Australia,Ground Zero,1.01,8424,38.3,8154,1.03,74.8,0.70,471
Alejandro 'mopoz' Fernández-Quejo Cano,22,Spain,Movistar Riders,1.01,6109,51.4,6012,1.02,76.2,0.69,340
Joachim 'darti' Fornstedt,26,Sweden,No team,1.01,5594,44.7,5434,1.03,78.4,0.71,305
Jireh 'J1rah' Youakim,19,Australia,No team,1.05,5395,45.8,5266,1.02,75.2,0.70,299
Damian 'Furlan' Kislowski,24,Poland,AGO,1.01,24316,53.5,23909,1.02,78.5,0.70,1320
Chad 'Oderus' Miller,19,United States,Spacestation,1.05,7127,34.1,7084,1.01,72.9,0.72,383
Nils 'k1to' Gruhne,20,Germany,Epsilon,1.07,8281,58.1,8208,1.01,77.7,0.71,446
Mitch 'mitch' Semago,22,United States,Bad News Bears,1.01,10479,44.8,10067,1.04,77.7,0.69,592
Magnus 'fr0slev' Frøslev,21,Denmark,ex-Fragsters,1.07,5108,49.8,4935,1.04,76.5,0.70,284
Dmitriy 'facecrack' Alekseyev,25,Russia,forZe,1.01,17080,47.4,17017,1.00,80.3,0.72,910
Lukas 'gla1ve' Rossander,23,Denmark,Astralis,1.01,20540,46.9,19724,1.04,77.2,0.68,1155
Jacob 'FugLy' Medina,24,United States,Envy,1.01,16867,42.9,16155,1.04,73.9,0.68,962
Teodor 'SPELLAN' Nikolov,21,Bulgaria,Epsilon,1.06,13220,40.2,12700,1.04,76.7,0.68,757
Ollie 'DickStacy' Tierney,22,Australia,Grayhound,1.08,8644,49.5,8330,1.04,74.0,0.68,507
Joao 'KILLDREAM' Ferreira,26,Portugal,Giants,1.01,6956,44.3,6879,1.01,84.3,0.71,376
Evgeny 'fenvicious' Mitsik,24,Russia,Unique,1.01,8996,52.4,8811,1.02,77.1,0.70,490
Aaron 'AZR' Ward,26,Australia,Renegades,1.01,14012,51.8,13775,1.02,76.4,0.70,766
Noah 'Nifty' Francis,21,United States,Envy,1.01,12687,36.1,12342,1.03,70.1,0.68,713
Timo 'Spiidi' Richter,23,Germany,Sprout,1.01,20253,40.2,19390,1.04,74.6,0.68,1141
Chris 'emagine' Rowlands,28,Australia,ORDER,1.01,10463,45.6,10011,1.05,73.8,0.69,606
Ioann 'Edward' Sukhariev,31,Ukraine,Natus Vincere,1.01,24497,50.8,23604,1.04,72.2,0.69,1345
Michael 'Friis' Jørgensen,30,Denmark,No team,1.01,16285,26.3,15534,1.05,69.4,0.67,934
Paweł 'innocent' Mocek,25,Poland,x-kom,1.01,19126,46.1,18718,1.02,77.4,0.70,1050
Warittorn 'RoLEX' Kalanukarn,18,Thailand,Beyond,1.07,6286,49.9,6176,1.02,78.7,0.70,351
Sami 'xseveN' Laasanen,24,Finland,ENCE,1.01,14244,45.8,13869,1.03,79.3,0.69,789
Nicklas 'gade' Gade,24,Denmark,North,1.01,9580,53.9,9422,1.02,74.3,0.68,547
Antoine 'to1nou' Pirard,23,Belgium,chebran,1.01,15075,30.5,14552,1.04,68.8,0.68,843
Skyler 'Relyks' Weaver,24,United States,No team,1.01,11699,52.0,11569,1.01,75.2,0.69,665
Alex 'ALEX' McMeekin,23,United Kingdom,Vitality,1.01,14675,48.6,14703,1.00,77.8,0.71,780
Ryan 'freakazoid' Abadir,26,United States,Ghost,1.01,13176,46.7,12999,1.01,79.4,0.70,733
Min-Seok 'zeff' Park,30,Korea,MVP PK,1.01,7796,41.8,7667,1.02,78.4,0.69,445
Çağatay 'DESPE' Sedef,26,Turkey,No team,1.01,8068,29.8,7748,1.04,68.7,0.67,468
Peng 'xiaosaGe' Song,29,China,5POWER,1.08,9623,47.3,9500,1.01,80.1,0.71,520
Krzysiek 'Goofy' Gorski,18,Poland,No team,1.08,6435,42.1,6480,0.99,79.2,0.71,342
Daniel 'urbz' Urbani,25,Australia,SYF,1.01,5433,47.8,5316,1.02,74.7,0.69,301
Eimantas 'pounh' Lazickas,22,Lithuania,GameAgents,1.04,6053,49.2,6006,1.01,76.1,0.69,332
Ufuk 'SasuKe' Göktaş,22,Turkey,Arena Bulls,1.00,5831,54.8,5863,0.99,79.7,0.71,314
Nemanja 'k1Ng0r' Bošković,30,Serbia,No team,1.00,6094,42.9,6008,1.01,76.1,0.71,338
Haakon 'Radifaction' Tholo,20,Norway,Nordavind,1.05,5282,48.9,5229,1.01,77.4,0.70,289
Rory 'dephh' Jackson,27,United Kingdom,compLexity,1.00,13403,47.5,13476,0.99,81.3,0.72,715
Caio 'zqkS' Fonseca,27,Brazil,ex-Imperial,1.00,8385,29.8,7968,1.05,70.5,0.66,492
Robin 'robiin' Sjögren,24,Sweden,No team,1.00,16140,47.9,16144,1.00,83.1,0.71,856
Mike 'mikeS' Tuns,27,Netherlands,No team,1.00,5373,37.3,5190,1.04,68.7,0.67,306
Karlo 'USTILO' Pivac,25,Australia,ICON,1.00,11747,45.7,11778,1.00,77.0,0.70,654
Martin 'PERCY' Wessel,24,Denmark,LPSP,1.00,12805,58.3,12728,1.01,75.8,0.69,695
Jerry 'xelos' Råberg,26,Sweden,No team,1.00,7051,47.8,6968,1.01,78.3,0.70,383
Kirill 'ANGE1' Karasiow,29,Ukraine,HellRaisers,1.00,28740,51.1,28891,0.99,81.6,0.71,1566
Richard 'Xizt' Landström,28,Sweden,fnatic,1.00,26092,47.0,24997,1.04,72.0,0.68,1504
Timo 'REFLEX' Rintala,28,Finland,No team,1.00,5358,46.4,5239,1.02,73.7,0.69,307
Daniel 'vice' Kim,23,United States,Cloud9,1.00,8145,49.3,7946,1.03,76.5,0.69,459
Jacob 'pyth' Mourujärvi,25,Sweden,The Final Tribe,1.00,13068,56.1,13024,1.00,70.3,0.69,719
Jean-Michel 'mch' D'Oliveira,29,Brazil,No team,1.00,6043,41.7,5743,1.05,74.7,0.67,352
Nicolai 'glace' Jensen,25,Denmark,No team,1.00,10395,52.2,10029,1.04,74.4,0.68,589
Aleksey '1uke' Zimin,26,Russia,No team,1.00,10615,26.4,10409,1.02,71.5,0.68,601
Anthony 'ImpressioN' Lim,23,Singapore,BTRG,1.00,8073,47.7,8002,1.01,77.4,0.69,458
Eric 'adreN' Hoag,29,United States,No team,1.00,10456,35.4,10075,1.04,76.8,0.67,597
Kory 'SEMPHIS' Friesen,30,Canada,Old Guys Club,1.00,14435,36.2,14358,1.01,73.7,0.71,789
Oskar 'oskarish' Stenborowski,21,Poland,x-kom,1.00,9948,50.7,9776,1.02,74.2,0.68,550
James 'hazed' Cobb,29,United States,Mythic,1.00,12311,49.8,12373,0.99,78.2,0.69,684
Yanko 'blocker' Panov,22,Bulgaria,Windigo,1.08,10241,48.3,10196,1.00,78.4,0.70,555
Peter 'pecks' Nguyen,21,Australia,Fighting 4 Freedom,1.00,6527,45.9,6342,1.03,72.5,0.67,382
Anupong 'stk' Mueangngam,22,Thailand,Alpha Red,1.07,6254,42.0,6142,1.02,76.7,0.68,365
Andreas 'MODDII' Fridh,29,Sweden,No team,1.00,19710,52.2,19307,1.02,74.7,0.67,1123
Kevin 'Barcode' Bana,19,Hungary,Budapest Five,1.00,5999,50.7,6094,0.98,73.9,0.70,326
Christian 'rezex' Bjerregaard,23,Denmark,No team,1.00,4980,46.2,4930,1.01,77.9,0.68,279
Piotr 'peet' Ćwikliński,28,Poland,No team,1.00,6788,34.0,6691,1.01,71.0,0.68,379
David 'DAVEY' Stafford,23,Canada,Spacestation,1.00,10389,40.7,10447,0.99,78.1,0.69,590
Reece 'Puls3' Marrs,25,United Kingdom,Endpoint,1.00,6798,43.3,6687,1.02,74.6,0.68,377
Tomasz 'ToM223' Richter,21,Poland,2019,1.04,6308,44.8,6205,1.02,75.0,0.68,349
Lucas 'Lukki' Pilheden,19,Denmark,No team,1.00,11160,50.9,11068,1.01,73.1,0.67,633
ZhiTao 'Drea3er' Zhang,24,China,BTRG,1.04,5363,51.9,5446,0.98,76.4,0.70,299
Jhonatan 'jnt' Silva,24,Brazil,Sharks,1.04,4854,35.5,4698,1.03,70.3,0.66,289
Tizian 'tiziaN' Feldbusch,22,Germany,BIG,1.00,17782,57.8,17537,1.01,75.2,0.67,1012
Fredrik 'freddieb' Buö,24,Sweden,Ancient,1.00,16403,53.1,16250,1.01,77.3,0.69,904
Linus 'Bååten' Andersson,19,Sweden,Chaos,0.99,11194,56.7,11199,1.00,74.2,0.67,624
Adam 'friberg' Friberg,27,Sweden,Heroic,0.99,24904,47.2,24696,1.01,72.9,0.68,1446
Bruno 'bit' Lima,28,Brazil,TeamOne,0.99,6292,46.8,6137,1.03,74.3,0.66,376
Bektiyar 'fitch' Bahytov,26,Kazakhstan,AVANGAR,0.99,9821,52.8,9961,0.99,78.6,0.69,538
Costin 'jaxi' Vrînceanu,24,Romania,No team,0.99,7955,40.3,7754,1.03,73.8,0.67,462
André 'BARBARR' Möller,29,Sweden,No team,0.99,15625,42.7,15600,1.00,74.9,0.68,865
Anthony 'gMd' Guimond,18,Canada,Spacestation,1.05,6393,52.8,6422,1.00,74.7,0.69,357
Thiago 'tifa' França,23,Brazil,ex-Imperial,0.99,5866,45.2,5840,1.00,75.2,0.68,331
Yegor 'markeloff' Markelov,31,Ukraine,FlipSid3,0.99,19780,41.6,19292,1.03,74.3,0.67,1143
Christopher 'MUTiRiS' Fernandes,26,Portugal,Giants,0.99,9718,51.2,9742,1.00,79.4,0.70,537
Mihail 'Dosia' Stolyarov,30,Russia,Gambit,0.99,24739,48.1,24270,1.02,74.2,0.68,1396
Peter 'stanislaw' Jarguz,25,Canada,compLexity,0.99,15383,47.7,15134,1.02,75.6,0.67,891
Benjamin 'BENDJI' Söderena,23,Sweden,No team,0.99,15603,32.5,15471,1.01,75.4,0.69,854
Leon 'ryotzz' Felipe,25,Brazil,W7M,1.09,5993,37.3,6058,0.99,81.5,0.69,333
Nikita 'waterfaLLZ' Matveyev,23,Russia,No team,0.99,12194,27.9,12254,1.00,72.8,0.69,677
Karl-William 'kalle' Haraldsen,27,Norway,Without Warning,1.05,5052,40.2,5030,1.00,75.3,0.67,288
Denis 'seized' Kostin,24,Russia,Vega Squadron,0.99,21001,45.1,20850,1.01,73.2,0.68,1180
Andrew 'YDNA' Adams,20,Australia,ex-Breakaway,1.03,6759,38.3,6686,1.01,70.5,0.67,387
Keun-Chul 'solo' Kang,31,Korea,No team,1.04,6338,47.0,6248,1.01,75.2,0.68,369
Ruben 'RUBINO' Villarroel,25,Norway,Nordavind,0.99,15387,52.2,15412,1.00,72.4,0.68,865
Aitor 'SOKER' Fernández,25,Spain,Movistar Riders,0.99,8435,42.4,8548,0.99,76.7,0.69,469
Gustavo 'SHOOWTiME' Gonçalves,22,Brazil,ex-Imperial,0.99,12331,45.8,12341,1.00,74.6,0.68,704
Matthew 'no_one' Congdon,23,United States,No team,0.99,6040,53.5,6125,0.99,76.7,0.70,336
Piotr 'morelz' Taterka,24,Poland,PACT,0.99,13534,47.8,13714,0.99,77.5,0.69,738
Jonathan 'Jonji' Carey,19,Canada,The Quest,1.08,7505,43.3,7663,0.98,79.9,0.70,419
Vadzim 'fnyekes' Zhuraulenka,20,Belarus,No team,1.03,5609,47.7,5692,0.99,75.2,0.69,312
Jake 'kaboose' McDonald,18,United States,Chris and the boys,0.99,8368,55.3,8660,0.97,76.2,0.70,460
Saku 'SAGGERTON' Jokinen,23,Finland,No team,0.99,9723,42.6,9954,0.98,75.4,0.69,540
Leonid 'chopper' Vishnyakov,22,Russia,Spirit,0.99,7765,55.7,7834,0.99,74.8,0.68,428
Lubos 'HenkkyG' Ilko,21,Slovakia,eSuba,0.99,5018,48.6,5090,0.99,73.3,0.68,281
ZhiWei '0i' Liu,22,China,No team,1.04,5613,54.9,5740,0.98,77.7,0.71,306
Anton 'speed4k' Titov,22,Russia,DreamEaters,1.04,4905,46.0,4942,0.99,72.9,0.67,278
Keven 'AZK' Lariviere,28,Canada,No team,0.98,5081,39.2,5082,1.00,71.5,0.68,282
Alexey 'NickelBack' Trofimov,21,Russia,pro100,1.06,7577,40.6,7614,1.00,77.4,0.68,426
Kristaps 'krii' Bricis,20,Latvia,Mock-it,0.98,5891,48.2,5919,1.00,73.3,0.67,335
Fredrik 'slap' Junbrant,26,Sweden,hASSeLsNOk,0.98,4852,50.7,4950,0.98,73.6,0.69,279
Aidyn 'KrizzeN' Turlybekov,19,Kazakhstan,No team,1.05,9331,56.5,9195,1.01,74.3,0.66,545
Thilo 'syken' Phan,23,Germany,No team,0.98,6890,57.7,7071,0.97,74.8,0.69,379
Rhys 'Fadey' Armstrong,21,South Africa,ATK,0.98,6414,55.5,6678,0.96,77.7,0.71,362
Nabil 'nbl' Aleua,22,Argentina,9z,0.98,7888,50.7,8019,0.98,74.3,0.68,448
Bartosz 'Hyper' Wolny,29,Poland,No team,0.98,10485,41.9,10413,1.01,71.8,0.67,596
Todd 'anger' Williams,31,United States,Mythic,0.98,11690,50.9,11890,0.98,74.4,0.68,659
Francesc 'donQ' Savall Garcia,29,Spain,Dragons,0.98,5641,58.2,5619,1.00,71.4,0.67,322
Wiktor 'TaZ' Wojtas,32,Poland,ex-devils.one,0.98,29170,51.9,29129,1.00,69.5,0.67,1670
Cédric 'RpK' Guipouy,29,France,Vitality,0.98,19284,51.2,19598,0.98,73.6,0.68,1096
Bence 'DeadFox' Böröcz,24,Hungary,No team,0.98,13856,38.4,13910,1.00,69.5,0.66,807
Lucas 'LUCAS1' Teles,23,Brazil,Luminosity,0.98,12006,46.9,12070,0.99,77.0,0.67,699
Erik 'zende' Sundeqvist,24,Sweden,No team,0.98,7064,47.7,7065,1.00,74.1,0.68,397
Callum 'BURNRUOk' Henderson,23,Australia,Ground Zero,0.98,10478,50.0,10682,0.98,74.7,0.68,597
Julien 'PetitSkel' Marcantoni,27,France,No team,0.98,5707,44.8,5719,1.00,73.7,0.66,337
Jindřich 'ZEDKO' Chyba,21,Czech Republic,eSuba,0.98,8005,52.4,8068,0.99,75.0,0.67,459
Connor 'chuch' Morgan,20,Australia,Roar,0.98,5324,41.8,5386,0.99,76.8,0.68,305
Ivan 'Rock1nG' Stratiev,22,Bulgaria,Bpro,1.04,8205,54.8,8383,0.98,75.6,0.68,470
Rodrigo 'RCF' Figueiredo,18,Brazil,Sharks,1.05,5076,53.4,5249,0.97,75.1,0.69,291
Steve 'InJect' Honan,26,Australia,R!OT,1.03,5729,33.0,5708,1.00,68.8,0.66,334
Nan 'Jewelry' Wang,32,China,New4,0.98,5179,43.4,5307,0.98,76.3,0.70,289
Lucas 'steel' Lopes,25,Brazil,Luminosity,0.98,14874,39.8,14863,1.00,73.6,0.66,870
Taylor 'Drone' Johnson,21,United States,No team,0.98,7117,61.7,7342,0.97,74.2,0.68,403
Jordan 'krudeN' Hill,22,Australia,No team,0.98,5067,49.4,5198,0.97,77.4,0.69,278
Savelii 'jmqa' Bragin,22,Russia,No team,0.98,15527,50.9,15638,0.99,74.5,0.67,880
Martin 'STYKO' Styk,23,Slovakia,NoChance,0.98,16781,56.5,16931,0.99,73.3,0.66,974
Filip 'NEO' Kubski,31,Poland,No team,0.98,28197,36.7,28489,0.99,73.3,0.66,1636
David 'devoduvek' Dobrosavljevic,24,France,chebran,0.98,8825,49.6,8990,0.98,78.1,0.67,497
Tomasz 'phr' Wójcik,22,Poland,AGO,1.03,13932,55.0,13992,1.00,74.1,0.67,789
Matt 'Pollo' Wilson,21,United States,Old Guys Club,0.98,5579,46.9,5709,0.98,78.2,0.69,309
Alexandre 'xms' Forté,21,France,LDLC,0.98,8854,59.8,9129,0.97,72.8,0.67,508
Joshua 'sancz' Ballenger,27,United States,No team,0.98,5746,43.4,5821,0.99,74.6,0.69,315
Timothée 'DEVIL' Démolon,24,France,chebran,0.98,9740,48.2,9864,0.99,73.5,0.67,559
Dmitriy 'Dima' Bandurka,24,Russia,Vega Squadron,0.98,16301,52.0,16984,0.96,76.8,0.68,913
Mateusz 'TOAO' Zawistowski,22,Poland,No team,1.02,10500,46.4,10599,0.99,70.7,0.65,612
Kumaresan 'Tommy' Ramani,25,Singapore,No team,1.05,6222,45.8,6424,0.97,77.0,0.69,357
Danni 'smF' Dyg,26,Denmark,LPSP,0.97,9635,55.5,9693,0.99,71.7,0.66,566
Guillermo 'guishorro' Areco,26,Argentina,No team,0.97,5060,44.0,5375,0.94,76.4,0.70,285
Vinicios 'PKL' Coelho,24,Brazil,paiN,0.97,10394,52.0,10577,0.98,74.4,0.66,610
Denis 'denis' Howell,24,Germany,Sprout,0.97,21688,43.4,22531,0.96,77.4,0.69,1187
Logan 'LOGAN' Corti,20,France,FrenchFrogs,1.02,6788,55.3,6833,0.99,71.4,0.65,394
Gábor 'gabesson' Málovics,29,Hungary,Budapest Five,0.97,7585,42.1,7782,0.97,76.4,0.69,418
Jason 'neptune' Tran,16,United States,Ghost,1.03,5668,54.7,5836,0.97,73.8,0.67,316
Sergey 'starix' Ischuk,31,Ukraine,OwmS,0.97,9784,47.0,9916,0.99,74.3,0.66,566
Sebastian 'seb' Bucki,28,United States,MASSIVEimpact,0.97,7631,46.1,7837,0.97,76.6,0.67,441
Marco 'Snappi' Pfeiffer,28,Denmark,OpTic,0.97,17754,44.1,18032,0.98,73.4,0.67,1013
Ricardo 'rmn' Oliveira,26,Portugal,Giants,0.97,7616,54.0,7811,0.98,75.4,0.68,436
Emil 'kUcheR' Akhundov,30,Russia,No team,0.97,14944,44.0,15089,0.99,74.2,0.67,852
Jesse 'KHRN' Grandell,29,Finland,SJ,0.97,10357,47.8,10480,0.99,71.5,0.65,616
Lucas 'YJ' Yuji,23,Brazil,W7M,1.02,6345,41.9,6244,1.02,71.8,0.63,383
Aurimas 'Kvik' Kvakšys,23,Lithuania,Winstrike,0.97,11492,42.3,11887,0.97,76.4,0.68,646
Kacper 'kaper' Słoma,23,Poland,AGO,1.03,5849,45.2,5914,0.99,72.1,0.65,344
Nikita 'Coffee' Antsypirovich,19,Belarus,5balls,1.06,5559,48.1,5773,0.96,79.8,0.68,315
Ashraf 'acAp' Firdaus,25,Malaysia,FrostFire,0.97,5613,48.4,5867,0.96,75.5,0.69,311
Ruan 'ELUSIVE' van Wyk,26,South Africa,No team,0.97,5926,43.8,5891,1.01,69.1,0.63,372
David 'Kairi' de Miguel,30,Spain,Heretics,0.97,6309,37.5,6467,0.98,74.6,0.66,374
Hugh 'stat' Anderson,19,Australia,Genuine,1.01,5087,51.3,5277,0.96,73.1,0.66,300
Min-Soo 'glow' Kim,31,Korea,No team,1.02,6042,52.0,6062,1.00,69.5,0.64,370
Stephen 'reltuC' Cutler,30,United States,No team,0.97,14184,40.3,14253,1.00,73.4,0.65,831
Peter 'Inzta' Kragelund,26,Denmark,STEPxHYDR,0.96,11607,44.1,12082,0.96,74.3,0.66,669
Pål 'Polly' Kammen,28,Norway,Apeks,0.96,6758,40.2,6992,0.97,67.7,0.66,395
Alexandre 'bodyy' Pianaro,22,France,No team,0.96,13070,55.4,13444,0.97,71.9,0.65,760
Edouard 'SmithZz' Dubourdeaux,30,France,No team,0.96,19726,41.4,20269,0.97,66.1,0.65,1161
Caike 'caike' Costa,24,Brazil,Falkol,0.96,5470,41.7,5633,0.97,71.7,0.65,326
Guilherme 'spacca' Spacca,29,Brazil,No team,0.96,4628,28.7,4613,1.00,64.4,0.62,291
Catalin-Ionut 'BTN' Stanescu,29,Romania,Nexus,0.96,10022,54.4,10463,0.96,76.6,0.68,578
Lasse 'maeVe' Elgaard,29,Denmark,No team,0.96,8145,40.5,8280,0.98,72.4,0.65,486
Asger 'AcilioN' Larsen,22,Denmark,No team,0.96,18114,42.5,18618,0.97,72.2,0.66,1058
Kia 'Surreal' Man,22,United Kingdom,Epsilon,0.96,10022,38.8,10354,0.97,72.0,0.66,594
Mathieu 'Maniac' Quiquerez,28,Switzerland,No team,0.96,14339,39.4,14767,0.97,74.2,0.66,830
Michael 'Uber' Stapells,22,Canada,No team,0.96,6643,50.1,6931,0.96,73.9,0.67,395
Gabriel 'NEKIZ' Schenato,23,Brazil,Luminosity,0.96,8725,48.9,9211,0.95,74.5,0.67,501
Robin 'r0bs3n' Stephan,26,Germany,No team,0.96,4846,43.0,5027,0.96,75.3,0.67,282
Tahsin 'tahsiN' Broschk,28,Germany,Berzerk,0.96,9630,44.8,10170,0.95,73.0,0.67,551
Michał 'SOON' Wójcicki,23,Poland,No team,0.96,5336,28.7,5460,0.98,65.2,0.66,311
Engin 'MAJ3R' Küpeli,28,Turkey,LDLC,0.96,11318,49.5,11601,0.98,73.7,0.65,676
Bold 'ncl' Batsuh,24,Mongolia,ex-Storm Riders,0.96,5510,49.7,5601,0.98,71.6,0.65,335
Lukas 'ecfN' Kauer,23,Germany,Planetkey,0.96,6853,54.0,7184,0.95,75.7,0.66,391
Max 'quix' Lindkvist,26,Sweden,The Final Tribe,0.96,9563,47.6,10299,0.93,77.5,0.70,523
Alexander 'alexRr' Frisch,23,Germany,No team,0.96,7029,40.3,7530,0.93,72.9,0.66,408
Luka 'emi' Vuković,25,Serbia,No team,0.96,13874,52.1,14419,0.96,74.7,0.66,818
Oliver 'kzy' Heck,28,Germany,Unicorns of Love,0.96,14344,47.1,14790,0.97,73.6,0.65,849
Miran 'dumz' Matković,23,Sweden,No team,0.95,7789,48.4,8091,0.96,71.3,0.65,450
Tony 'arvid' Niemelä,22,Finland,SJ,0.95,8664,43.4,9170,0.94,74.7,0.66,489
Lambert 'Lambert' Prigent,27,France,No team,0.95,5082,31.9,5186,0.98,65.5,0.63,312
Matias 'tutehen' Canale,26,Argentina,No team,0.95,6147,45.9,6337,0.97,72.0,0.64,370
Alfred 'RuStY' Karlsson,21,Sweden,Ancient,1.01,9561,52.1,10055,0.95,72.9,0.66,546
Renato 'nak' Nakano,31,Brazil,Sharks,0.95,5666,44.9,5869,0.97,73.2,0.64,351
David 'Jayzwalkingz' Kempner,22,Sweden,EsportsAdviser,0.95,5508,32.5,5713,0.96,70.0,0.64,319
Connor 'CONNOR93' Glover,25,Canada,MASSIVEimpact,0.95,7728,51.7,8176,0.95,72.8,0.67,448
Dmitry 'S0tF1k' Forostyanko,24,Russia,Spirit,0.95,15625,47.5,16469,0.95,73.7,0.65,914
Viktor 'flash' Tamás Bea,23,Hungary,Salamander,0.95,9142,42.2,9561,0.96,73.0,0.65,532
Alexander 'uNdo' Kiziukevich,24,Belarus,Unique,0.95,6420,54.8,6685,0.96,70.7,0.65,378
Daniel 'DANZ' Whitfield,25,Australia,ex-AVANT,0.95,5247,42.2,5610,0.94,72.3,0.67,298
Christophe 'SIXER' Xia,28,France,LDLC,0.95,8559,39.7,8759,0.98,67.2,0.63,523
Igor 'dERZKIY' Radosavlevich,22,Belarus,Zorka,0.95,5400,53.6,5712,0.95,73.3,0.67,314
Robin 'ScrunK' Röpke,23,Germany,expert,0.95,7049,46.3,7605,0.93,76.2,0.66,405
Anton 'boX' Burko,24,Belarus,Nemiga,1.03,6767,38.7,7152,0.95,74.2,0.66,392
Andy 'vSa' Xu,24,Canada,No team,0.95,6048,42.4,6307,0.96,70.6,0.63,365
Krzysztof 'stark' Lewandrowski,20,Poland,AVEZ,0.95,4993,49.2,5300,0.94,73.8,0.67,282
Mads 'Console' Skovby,23,Denmark,Copenhagen Flames,0.95,10565,39.4,11098,0.95,73.8,0.64,627
Samuel 'SileNt' Portillo,24,United States,Old Guys Club,0.95,10361,35.7,11017,0.94,71.2,0.67,599
Nikolaj 'holzt' Holst,24,Denmark,GoldenGitte,0.95,5210,51.6,5538,0.94,75.1,0.66,300
David 'Toy' Han,24,United States,No team,0.95,5400,44.6,5707,0.95,72.9,0.65,322
Christian 'crisby' Schmitt,27,Germany,Unicorns of Love,0.95,18181,54.1,19359,0.94,72.6,0.66,1049
Pavel 'hutji' Lashkov,23,Russia,No team,0.95,5958,47.1,6318,0.94,73.2,0.65,346
QiFang 'Karsa' Su,27,China,OneThree,0.95,5632,47.8,5830,0.97,70.9,0.63,351
Hendrik 'strux1' Goetzendorff,28,Germany,No team,0.95,6648,36.3,6894,0.96,76.0,0.65,403
Eetu 'sAw' Saha,26,Finland,HAVU,0.95,13469,47.5,14112,0.95,71.4,0.64,800
Epitacio 'TACO' de Melo,24,Brazil,MIBR,0.95,14103,49.8,14529,0.97,67.7,0.62,886
Kevin 'kRYSTAL' Amend,25,Germany,NoChance,0.94,21979,36.0,23143,0.95,68.9,0.63,1334
Kévin 'Ex6TenZ' Droolans,29,Belgium,GamerLegion,0.94,21973,41.5,22859,0.96,75.8,0.63,1345
James 'James' Quinn,25,Australia,No team,0.94,5597,47.7,5998,0.93,73.6,0.66,324
Dimitrios 'stavros' Smoilis,26,Germany,No team,0.94,6023,51.5,6561,0.92,72.1,0.67,351
Vladyslav 'arch' Svistov,22,Ukraine,No team,0.94,10057,49.0,10687,0.94,72.9,0.66,579
Jay 'soju_j' Jeong,21,New Zealand,AVANT,1.00,4537,39.7,4853,0.93,72.5,0.64,276
Anton 'tonyblack' Kolesnikov,26,Russia,OwmS,0.94,12743,48.2,13445,0.95,69.5,0.64,762
Frederik 'LOMME' Nielsen,25,Denmark,No team,0.94,10221,42.5,10753,0.95,72.0,0.63,623
Alexey 'ub1que' Polivanov,27,Russia,No team,0.94,8319,41.8,8815,0.94,73.3,0.66,491
Karol 'repo' Cybulski,22,Poland,No team,0.94,8534,46.6,9148,0.93,69.5,0.65,497
Maciek 'Luz' Bugaj,25,Poland,Codewise Unicorns,0.94,8528,47.8,9109,0.94,74.0,0.65,503
Felix 'fel1x' Zech,31,Germany,No team,0.94,4861,54.2,5284,0.92,61.6,0.64,301
Shawn 'witmer' Taylor,23,United States,No team,0.94,4688,36.7,5040,0.93,70.7,0.65,278
Finn 'karrigan' Andersen,29,Denmark,mousesports,0.94,23511,41.0,25106,0.94,68.2,0.64,1418
Gustav 'ZINKEN' Björk,21,Sweden,nerdRage,0.99,4954,53.9,5237,0.95,71.0,0.64,290
Maikil 'Golden' Selim,25,Sweden,Cloud9,0.98,7755,52.9,8419,0.92,71.6,0.64,455
Teodor 'psycho' Dimov,27,Bulgaria,No team,0.94,4718,46.5,5086,0.93,69.6,0.65,276
Lei 'forget' Li,29,China,No team,0.94,7723,50.3,8457,0.91,75.3,0.67,442
Igor 'crush' Shevchenko,23,Ukraine,Vega Squadron,0.93,7937,52.9,8528,0.93,72.4,0.64,475
Konrad 'EXUS' Jeńczeń,21,Poland,2019,0.93,8535,45.2,9234,0.92,72.0,0.65,499
Max 'MiGHTYMAX' Heath,21,United Kingdom,Endpoint,0.93,6287,47.5,6756,0.93,69.5,0.62,390
Tugay 'TuGuX' Keskin,27,Germany,No team,0.93,5611,50.0,5919,0.95,69.5,0.62,349
Sergey 'keshandr' Nikishin,25,Russia,No team,0.93,5336,47.7,5730,0.93,73.9,0.66,311
Georgio 'sK' Poumpoulidis,21,Australia,Rise and Grind,1.00,5804,40.1,6410,0.91,76.5,0.66,340
Matthieu 'matHEND' Roquigny,24,France,chebran,0.93,5499,40.9,6060,0.91,72.1,0.65,326
Kirill 'hitMouse' Tsarev,28,Belarus,No team,0.93,7834,48.6,8354,0.94,71.4,0.63,475
Juan 'meisoN' Carlos Chacón,30,Spain,Dragons,0.93,5334,52.4,5881,0.91,78.2,0.68,304
Alec 'Noisia' Gulabovski,23,Australia,ex-Breakaway,0.98,7235,44.0,7787,0.93,72.1,0.64,440
Mikko 'xartE' Välimaa,27,Finland,SJ,0.93,13104,37.2,14016,0.93,69.2,0.61,815
Nikolay 'pNshr' Paunin,27,Bulgaria,No team,0.92,9721,43.3,10469,0.93,71.2,0.63,588
Engin 'ngiN' Kor,25,Turkey,No team,0.92,10333,43.3,10951,0.94,66.8,0.60,665
Valentin 'mistou' Balbastro,25,France,No team,0.92,5229,51.4,5669,0.92,69.1,0.63,314
David 'Xp3' Garrido,31,France,No team,0.92,8326,39.7,9118,0.91,70.5,0.63,502
Jan 'wayLander' Rahkonen,25,Russia,No team,0.92,9727,52.1,10858,0.90,71.6,0.65,576
Danylo 'Zeus' Teslenko,31,Ukraine,Natus Vincere,0.92,22743,43.3,24601,0.92,70.2,0.63,1359
Karol 'tecek' Kapczyński,26,Poland,Izako Boars,0.92,5906,37.7,6619,0.89,74.0,0.64,345
Arya 'arya' Hekmat,26,United States,No team,0.92,7192,34.9,8037,0.89,72.6,0.65,434
Oleksandr 'Shara' Hordieyev,26,Ukraine,spray'n'pray,0.92,6208,51.9,6848,0.91,75.2,0.64,371
Nikola 'LEGIJA' Ninić,28,Germany,No team,0.92,13915,49.9,15413,0.90,70.3,0.64,842
Pavel 'AERO' Surmach,30,Russia,No team,0.91,4833,45.5,5380,0.90,71.6,0.65,287
Warren 'hades' Rettich,28,Canada,No team,0.91,4533,42.1,5057,0.90,71.7,0.65,274
Roman 'roman' Redihin,30,Belarus,Zorka,0.91,6606,55.0,7222,0.91,69.9,0.63,401
Mathias 'MSL' Lauridsen,24,Denmark,OpTic,0.91,24181,42.0,27141,0.89,71.0,0.64,1449
Gaëtan 'JiNKZ' Jamin,24,France,FrenchFrogs,0.99,6004,53.3,6641,0.90,70.9,0.61,373
Gregory 'balblna' Oleinick,23,Russia,No team,0.91,8805,49.8,9772,0.90,71.5,0.62,540
Jonathan 'MusambaN1' Torrent,32,Spain,No team,0.91,4963,37.8,5456,0.91,68.1,0.64,300
Verneri 'BONA' Junkala,19,Finland,Conquer,0.91,5691,50.0,6325,0.90,69.6,0.63,340
Dmitry 'hooch' Bogdanov,32,Russia,OwmS,0.90,13549,41.8,15110,0.90,71.5,0.62,838
Alexander 'LeX' Deily,28,United States,Mythic,0.90,6003,44.2,6846,0.88,73.2,0.64,368
Zhuo 'advent' Liang,26,China,ViCi,0.90,10398,50.6,11284,0.92,63.7,0.58,706
André 'Kirby' Kempa,28,Germany,Unicorns of Love,0.90,5110,60.6,5810,0.88,68.0,0.63,318
Jason 'jasonR' Ruchelski,24,Canada,No team,0.90,4766,44.4,5350,0.89,73.4,0.63,289
Nikolay 'nkl' Krastev,25,Bulgaria,No team,0.90,9990,42.9,11036,0.91,68.3,0.60,642
Mariusz 'Loord' Cybulski,32,Poland,No team,0.90,5788,41.2,6394,0.91,48.5,0.61,369
Simon 'Fuks' Florysiak,24,France,chebran,0.90,4410,45.6,4947,0.89,72.0,0.61,273
Yaroslav 'It's my' Ushkov,23,Russia,No team,0.90,4910,45.0,5654,0.87,72.4,0.65,290
Ilya 'fix' Golovko,21,Ukraine,No team,0.89,5350,48.8,6137,0.87,72.9,0.63,325
Nicolai 'torben' Amorim,23,Denmark,ex-Fragsters,0.94,7467,50.0,8388,0.89,66.5,0.59,481
Ellis 'els' Clay,31,Canada,subtLe,0.89,4892,42.2,5608,0.87,73.7,0.64,295
Pujan 'FNS' Mehta,27,Canada,No team,0.89,12585,45.5,14124,0.89,67.6,0.61,781
Michael 'MAiNLiNE' Jaber,24,United States,No team,0.89,6904,51.7,7968,0.87,69.1,0.62,437
Adam 'Polen' Polen,23,United States,Mythic,0.89,4449,53.7,5100,0.87,70.2,0.61,279
Markus 'pronax' Wallsten,27,Sweden,No team,0.89,18722,45.8,20989,0.89,64.7,0.60,1199
LiKan 'ryk' Luo,32,China,No team,0.89,4259,39.2,4778,0.89,67.9,0.62,275
Dennis 'sycrone' Nielsen,23,Denmark,LPSP,0.89,6953,40.2,7827,0.89,69.8,0.60,442
Alexander 'spiker' Ivanov,24,Russia,Monolith,0.89,6494,43.4,7516,0.86,70.7,0.62,399
Danny 'BERRY' Krüger,29,Denmark,Ambush,0.89,9663,37.9,11207,0.86,72.9,0.63,593
Damian 'daps' Steele,25,Canada,NRG,0.88,12426,39.0,14188,0.88,67.2,0.58,826
Sean 'seang@res' Gares,30,United States,Old Guys Club,0.88,10904,40.2,12533,0.87,67.4,0.59,713
Raymond 'Dezibel' Odisho,23,Australia,Athletico,0.93,5196,37.1,5969,0.87,68.3,0.59,344
Kyle 'flowsicK' Mendez,28,United States,No team,0.87,6257,47.4,7304,0.86,73.6,0.62,395
Dima 'def' Lemeshchuk,24,Ukraine,HOLLYWOOD,0.87,8761,41.6,10231,0.86,67.8,0.59,570
Daniel 'djL' Narancic,25,Sweden,Chaos,0.92,7653,46.3,8825,0.87,63.2,0.57,514
Jonatan 'Devilwalk' Lundberg,28,Sweden,MAGICIANS,0.86,6122,51.3,7223,0.85,69.8,0.58,400
Morten 'zEVES' Vollan,28,Norway,No team,0.86,4586,48.4,5470,0.84,72.6,0.60,289
Fatih 'gob b' Dayik,31,Germany,BIG,0.85,14088,48.6,16734,0.84,67.1,0.56,946
Slaava 'Twista' Räsänen,31,Finland,No team,0.85,5863,35.9,7012,0.84,67.4,0.59,380
Alec 'Slemmy' White,28,United States,No team,0.85,6638,49.6,7951,0.83,63.7,0.57,445
Egor 'LONSDALE' Baranov,26,New Zealand,No team,0.85,5551,42.0,6754,0.82,71.7,0.59,368
Manuel 'SolEk' Zeindler,31,Switzerland,Berzerk,0.85,5354,49.2,6560,0.82,61.1,0.59,359
Thomas 'haste' Dyrensborg,28,Denmark,GoldenGitte,0.84,4346,44.6,5356,0.81,68.2,0.57,292
Andrey 'B1ad3' Gorodenskiy,32,Ukraine,No team,0.83,13472,41.9,16880,0.80,66.5,0.58,899
Nicolai 'HUNDEN' Petersen,27,Denmark,Tricked,0.81,19101,48.3,24247,0.79,65.7,0.55,1330
Kyle 'OCEAN' O'Brien,32,Canada,subtLe,0.77,4768,44.0,6517,0.73,60.2,0.52,355
